D32468627B8B900CD1DA5D64E3933328	https://baike.so.com/doc/1143752-1209972.html
42708DE30972638AB381BAA385C251B5	http://www.sohu.com/a/115997509_464434
3C591B99C1AAF7BA641F25939C761A78	http://video.tudou.com/v/XNDc1Mjc0NDA0.html
A07C5F9D1119D5A704BF645F051BC005	http://news.163.com/17/1011/01/D0EACC2F00014AEE.html
B5990C9A253C3AAD5D1605C414C07090	http://www.biquge5.com/2_2265/1136474_2.html
2E6F789D33BA6C3E8552AD0B9808C1F5	http://video.tudou.com/v/XMjA1MjI1NjQxNg==.html
A9C64124DE78816F7BCC5647E1EBAA01	http://news.163.com/16/0731/12/BTA8ONNR00014SEH.html
366DC4845E6A3F1D1B18687F167BA206	http://sports.eastday.com/a/171016155259822700899-6.html
6F8D6008F4DADB5EA8AC193B9D0A4C7A	http://wenda.so.com/q/1482598434729769
55485F174402D99C1E42BAE4B0509E94	https://baike.so.com/doc/25456291-26486926.html
